-- phpMyAdmin SQL Dump
-- version 5.1.1
-- https://www.phpmyadmin.net/
--
-- Servidor: 127.0.0.1
-- Tiempo de generación: 07-08-2022 a las 05:54:19
-- Versión del servidor: 10.4.22-MariaDB
-- Versión de PHP: 8.1.1

SET SQL_MODE = "NO_AUTO_VALUE_ON_ZERO";
START TRANSACTION;
SET time_zone = "+00:00";


/*!40101 SET @OLD_CHARACTER_SET_CLIENT=@@CHARACTER_SET_CLIENT */;
/*!40101 SET @OLD_CHARACTER_SET_RESULTS=@@CHARACTER_SET_RESULTS */;
/*!40101 SET @OLD_COLLATION_CONNECTION=@@COLLATION_CONNECTION */;
/*!40101 SET NAMES utf8mb4 */;

--
-- Base de datos: `bdtutoria`
--

-- --------------------------------------------------------

--
-- Estructura de tabla para la tabla `alumno`
--

CREATE TABLE `alumno` (
  `Cod_Alumno` int(6) NOT NULL,
  `Nombres` varchar(50) NOT NULL
) ENGINE=InnoDB DEFAULT CHARSET=utf8mb4;

--
-- Volcado de datos para la tabla `alumno`
--

INSERT INTO `alumno` (`Cod_Alumno`, `Nombres`) VALUES
(2429, 'SOTOMAYOR-CASTRO-IRMA E'),
(20203, 'CHOQUEHUANCA-MACEDO-PE'),
(32648, 'LIMPE-ZEVALLOS-LUIS ANDRE'),
(52113, 'PUMA-HUILLCA-RICHARD JESU'),
(71106, 'CCAHUANTICO-MENDOZA-JUL'),
(81561, 'HUACANI -DE LA CRUZ-DANY D'),
(83221, 'TRUJILLO-TORBISCO-LUIS AND'),
(83222, 'VARGAS-QUISPE-CHARLY'),
(90215, 'GIBAJA-HUAYHUA-JUAN CARLO'),
(93175, 'LAYME-MAMANI-NELSON'),
(100505, 'ARONI-SOTO-WARREN STEPHE'),
(100511, 'GUTIERREZ-AMACHI-JUAN CAR'),
(101059, 'CASTILLO-LOPEZ-RICARDO JO'),
(101526, 'ORUE-QUISPE-ALVARO AMERI'),
(101658, 'CHOQUE-CCOA-DENNIS ALIPIO'),
(101659, 'FERIA-TAPARA-JOSE ADOLFO'),
(103179, 'YARANGA-ACHAHUI-ALDO'),
(103647, 'QUISPE-ARONI-JESUS ADEL'),
(110071, 'MUNIVE-SALAS-CIRO'),
(110603, 'PUMAYALLI-CUSICUNA-FRANK'),
(111175, 'CARRASCO-CUNZA-DANIEL AL'),
(111332, 'QUISPE-CALANCHI-JOSE WALT'),
(112207, 'IBARRA-CASTILLO-WALDO ERI'),
(113547, 'QUINAYA-MEJIA-RONY WILSON'),
(113561, 'MAXDEO-LAGOS-KEVIN ROUSB'),
(113562, 'MENDOZA-HUAILLAPUMA-ELIS'),
(113572, 'AUCAPI?A-SUVIZARRETA-EDW'),
(114136, 'ALMIRON-GONZALES-JUAN RA'),
(114141, 'FLORES-SANTOS-YEREMI AND'),
(120008, 'CUETO-SANCHEZ-CARLA PALO'),
(120883, 'CJUNO-MACHACA-ALEX SAIN'),
(120886, 'GALLEGOS-QUI?ONES-FREDY'),
(120893, 'PORROA-SIVANA-YENI RUTH'),
(120895, 'QUISPE-PICHUILLA-AYRTON'),
(120897, 'TELLO-JUSTINIANI-LUIS DAVID'),
(124799, 'NINA-GUARDAPUCLLA-CARLOS'),
(125156, 'CONDORI-FLORES-WILLIAMS D'),
(130322, 'PEREZ-TOMAYLLA-BRUNO'),
(130516, 'BUSTAMANTE-MAMANI-WASHI'),
(130741, 'MERMA-QUISPE-HAROL HELBE'),
(131050, 'SANDI-MAMANI-ALEX'),
(131532, 'ANTAYHUA-SAPILLADO-DAVIS'),
(131605, 'AYQUIPA-GOMEZ-AMILCAR'),
(131612, 'MONTA?EZ-CHOQUE-WILLIANS'),
(133960, 'CHAMPI-CHAMPI-ABRAHAN EL'),
(133962, 'CHOQUENAIRA-QUISPE-NOE F'),
(134134, 'MELGAREJO-SAAVEDRA-SAUL'),
(134403, 'CALLAPI?A-CASTILLA-CIRO GA'),
(140156, 'HUAMAN-MENDOZA-JOHAN WI'),
(140934, 'VEGA CENTENO-OLIVERA-RON'),
(140987, 'VILLARES-SUBLE-ALDAIR WILB'),
(140997, 'TRIVE?OS-CALLER-DERICK AD'),
(141005, 'FLORES-MONTOYA-NILTHON J'),
(141010, 'RAMIREZ-ALVAREZ-LUISBERTO'),
(141011, 'SIPAUCAR-CONDORI-MARITZA'),
(141154, 'FERNANDEZ-TILCA-CHRIS  IAL'),
(141158, 'SAIRE-HANCCO-CESAR ANDER'),
(141599, 'VENTURA-JAUJA-JAIME'),
(141660, 'AROSTEGUI-CERNA-JAIR FRED'),
(141664, 'CONDE-PADIN-GEORGE ADOLF'),
(141671, 'PAREDES-DENOS-VICTOR ANIV'),
(141672, 'CORNEJO-CRUZ-JULIO WILSON'),
(141673, 'RAMOS-DELGADO-SAMIRE'),
(141677, 'NINAHUANCA-CHOQUE-JUAN C'),
(143833, 'MELO-GUTIERREZ-RAUL ELVE'),
(144884, 'POCCORI-ESCALANTE-JUAN D'),
(144986, 'SOTO-COCHAMA-HUGO ROBER'),
(144995, 'MENDOZA-INO?AN-VANESSA'),
(145002, 'HUALLPA-MONTALVO-RALEXS'),
(145004, 'ESPIRILLA-MACHACA-JOSEPH'),
(145009, 'YCHU-VALENCIA-MIGUEL HUM'),
(145213, 'CONDORI-HUILLCA-LIDER'),
(150335, 'YUCRA-TTITO-LESLY YAHAIRA'),
(150372, 'HANCCO-CHACO-JOSE MARIA'),
(150397, 'LOAIZA-MONROY-BRUNO WAL'),
(150401, 'PARI-ARRIAGA-DENILSON'),
(150404, 'QUEKQA?O-QUISPE-CAYO ABE'),
(150406, 'SANGA-MONRROY-ROGER'),
(150495, 'QUISPE-CLEMENTE-SAMAN'),
(151388, 'CACERES-QUISPE-MARIA FERN'),
(151450, 'ACHAHUANCO-ACHAHUI-EURID'),
(151760, 'SALAZAR-MUELLE-BRAYAN DA'),
(151780, 'QUISPE-PUMA-LUCERO'),
(151812, 'FERRO-ALVAREZ-JUSTINO'),
(151822, 'PUMA-MAMANI-NILSON MAURI'),
(151830, 'VALDEIGLESIAS-DUE?AS-NAJO'),
(151832, 'CASTELLANOS-AMANQUI-GEO'),
(151835, 'HUAMAN-LONCONI-MARCO AN'),
(154622, 'CONDORI-ALCAZAR-JUAN CAR'),
(154628, 'CONDORI-HUAYCHAY-CESAR A'),
(154630, 'YUCRA-VALDEZ-YEFER YOSEL'),
(154631, 'NOLASCO-SUYO-CARLOS ANT'),
(154632, 'CHAMPI-PUMA-WILLIAM RUIZ'),
(154633, 'CONDORI-CCARHUARUPAY-BR'),
(154635, 'CONDORI-HUILLCA-JOSE ANTO'),
(154636, 'PALOMINO-AUQUITAYASI-JOSE'),
(154856, 'HUAHUATICO-SORIA-RONALD'),
(155179, 'QUISPE-LAROTA-YHON LENIN'),
(155180, 'MASIAS-USCAMAYTA-NAOMI IS'),
(155183, 'VARGAS-ARQQUE-JEREMYK R'),
(155190, 'HINOJOSA-HUARCA-BRAYAN A'),
(155192, 'NU?EZ-HUALLA-ALFREDO'),
(155372, 'KU-ANDRADE-ANGELO PIETRI'),
(155637, 'CORRALES-USCA-NESTOR'),
(160327, 'CUSI-HUAMAN-KEVIN YEISON'),
(160331, 'MOZO-DAVILA-MILTON ADERLI'),
(160332, 'QUISPE-JIMENEZ-MIGUEL ANG'),
(160336, 'TRIVE?O-GUERRERO-MANUEL'),
(160337, 'VITORINO-MARIN-EFRAIN'),
(160338, 'YUPANQUI-CARRILLO-HOLGER'),
(160542, 'C?CERES-HUANCA-ADHAIR ED'),
(160544, 'JARA-HILLPA-LUIS ABELARDO'),
(160696, 'HUAMAN-MORALES-ANGGIE AN'),
(160853, 'PUMA-MENDOZA-CARLOS EDU'),
(160888, 'CANA-APU-ORLANDO'),
(160889, 'CHOQUE-BUENO-FIORELLA SIL'),
(160890, 'CORDOVA-CASTRO-MARKO LE'),
(160923, 'GONZALES-HUISA-NELSON'),
(161135, 'QUISPE-TACURI-RUDI'),
(161136, 'TTITO-OCSA-JOSE ROLANDO'),
(161367, 'HUALVERDE-QUISPE-BENJAMI'),
(161369, 'MU?OZ-MU?OZ-WILY RODRIGO'),
(161534, 'ZEGARRA-ROJAS-JORGE ENRI'),
(161727, 'MU?OZ-PACHECO-ENIT'),
(161731, 'SONCCO-CACHURA-DAVID'),
(161756, 'CCONISLLA-MEDINA-ANTHONY'),
(161757, 'CCUITO-QUISPE-JHON ALBERT'),
(161759, 'HUACHACA-PINEDA-HUMBERT'),
(161760, 'HUAMAN-VARGAS-PERCY ELV'),
(161761, 'HUAMANI-SURCO-GROBER ALB'),
(163525, 'FARFAN-ENRIQUEZ-GABRIELA'),
(163671, 'ROBLES-SILVA-ANGELO'),
(163806, 'ASENCIO-ARQQUE-JHOEL FEL'),
(163807, 'CHATA-HUALLPAYUNCA-MILTO'),
(163808, 'LOZANO-LLACCTAHUAMAN-RO'),
(163809, 'MAMANI-CHINO-RUBEN'),
(163810, 'RODRIGUEZ-HUARACA-YOFRE'),
(163812, 'VIZA-AEDO-NESTOR'),
(163813, 'VIZCARRA-VARGAS-MARCELO'),
(163814, 'YABARRENA-QUISPE-MIGUEL J'),
(163839, 'CORAZAO-HINOJOSA-REISON'),
(163842, 'FERNANDEZ-HUILLCA-CARLOS'),
(163845, 'HUILLCA-HERRERA-VICTOR PO'),
(164235, 'CALLAPI?A-RODRIGUEZ-JOSU'),
(164236, 'CARBAJAL-LAURA-KOSMAR HU'),
(164238, 'CASILLA-TTITO-EVANDIR SAUL'),
(164241, 'GIRALDO-ENCISO-DAVID'),
(164243, 'MACEDO-GHEILER-SEBASTIAN'),
(164244, 'MOLOCHO-CONDORI-BRAYAN'),
(164246, 'PACHA-QUISPE-JEAN MARCO'),
(164248, 'PUMA-POTOCINO-JOSE FRANC'),
(164249, 'TTITO-SAYA-ALEXANDER'),
(164563, 'CARPIO-HERMOZA-HAIDER AL'),
(164564, 'ESPINAL-HUAMAN-ANGEL PLA'),
(164566, 'MAMANI-QUINTA-MICHAEL ANT'),
(164817, 'HUAYHUA-JURADO-TANY ARIS'),
(170428, 'CASSA-LIPA-EDWAR YURI'),
(170430, 'COVARRUBIAS-AGUILAR-GERE'),
(170431, 'CRUZ-CARRION-JOSE LUIS'),
(170432, 'GUTIERREZ-DAZA-GONZALO'),
(170433, 'HOLGUIN-CONDORI-JULIO JOS'),
(170434, 'HUAMAN-HERMOZA-ANTONY IS'),
(170435, 'HUAMAN-TORRES-ALVARO RIC'),
(170436, 'LUYCHO-ANCAIFURO-MARIELA'),
(170439, 'QUISPE YNGA-CALLA?AUPA-LU'),
(170440, 'ROJAS-GARAY-JAFET CALEB'),
(170594, 'DORADO-TORRES-DIEGO ALON'),
(170749, 'CARMONA-CHOQUEMAMANI-K'),
(170750, 'CUSIHUAMAN-AUCCACUSI-LUI'),
(170751, 'ENRIQUEZ-QUISPE-JOHN KEVI'),
(171057, 'CALDERON-TINTAYA-FALLCHA'),
(171059, 'FLORES-IGNACIO-JOSE LUIS'),
(171060, 'FUENTES-CCORI-KEVIN HERNA'),
(171061, 'GUEVARA-FERRO-CRISTIAN LU'),
(171062, 'GUTIERREZ-SALAZAR-JUAN MA'),
(171064, 'ORE-GAMARRA-ABRAHAM BEN'),
(171066, 'QUINTO-CATACHURA-LADY DIA'),
(171067, 'QUISPE-SERRANO-HILLARY CR'),
(171068, 'RODRIGUEZ-HANCCO-RUDY  R'),
(171069, 'RODRIGUEZ-OJEDA-JORGE VIC'),
(171258, 'ESPEJO-FRANCO-MELISSA BR'),
(171259, 'QUISPE-LEON-WIDMAR RAUL'),
(171260, 'QUISPE-TTITO-JOEL WILLY'),
(171261, 'BARRAGAN-JOVE-LUIS DAVID'),
(171524, 'PUMACAHUA-APAZA-LEONARD'),
(171565, 'MU?OZ-PACHECO-CHRISTIAN'),
(171567, 'PUCLLA-HUAMAN-DIANA STEP'),
(171573, 'YA?EZ-TUERO-JOSE ANGEL'),
(171605, 'SALINAS-ATAUSINCHI-JERSON'),
(171676, 'HUAMAN-AYMA-DERLY HAYLEY'),
(171805, 'ROJAS-SOTO-CLAUDIA LUZ'),
(171866, 'QUISPE-YAHUIRA-RONALDO'),
(171879, 'QUISPE-MAMANI-THALIA'),
(171910, 'GUERRA-BELLIDO-JHON WALD'),
(171917, 'RAMOS-BANDA-SANDRO'),
(171938, 'LOPE-TORRES-MARISOL'),
(171943, 'BUSTAMANTE-FLORES-ERICK'),
(174439, 'CHOQUECONZA-QUISPE-NORG'),
(174440, 'CONDORI-OCHOA-GIOVDEY AB'),
(174442, 'ESCOBEDO-MESCCO-ANGIE'),
(174443, 'FARFAN-MOSCOSO-JUAN VICT'),
(174445, 'OLARTE-CASAS-RODRIGO FAB'),
(174447, 'QUISPE-CHAMBILLA-CARLOS E'),
(174449, 'SAIRE-BUSTAMANTE-EDMIL JA'),
(174450, 'SALAS-CCOLQQUE-WILLIAN'),
(174452, 'SARCO-JACINTO-DANIEL EDUA'),
(174453, 'SONCCO-MAMANI-JOEL SALOM'),
(174454, 'TINTAYA-TACO-YUREMA LISBE'),
(174455, 'UGARTE-CASTILLO-BRIGGITTE'),
(174457, 'VELASQUEZ-QUISPE-OLIVER S'),
(174838, 'CALLHUA-ALDAZABAL-OSBALD'),
(174856, 'MAMANI-HUAMAN-KALEB GEDE'),
(174864, 'RAMOS-CONDORI-DANNY'),
(174905, 'AGUILAR-MAINICTA-GIAN MAR'),
(174906, 'APAZA-HUAMANI-FRANK CLINT'),
(174907, 'CAMPOS-SEGOVIA-JEFFERSON'),
(174908, 'CASILLA-PERCCA-VLADIMIR DA'),
(174909, 'CHOQUE-SARMIENTO-LEYDI D'),
(174910, 'CUSI-HUAYLLA-MIGUEL ANGEL'),
(174911, 'HUANCARA-CCOLQQUE-ALEX'),
(174912, 'INCA-CRUZ-CARLOS EDUARDO'),
(174913, 'NAOLA-PUMA-EDWARD BRAYA'),
(174914, 'QUISPE-PALOMINO-LUIYI ANTO'),
(174941, 'CHOQUENAIRA-GARCIA-RONA'),
(174944, 'CONDORI-MOZO-WESLEY JUAN'),
(174948, 'HUAMAN-CHILO-ELVIS'),
(174961, 'VILCAHUAMAN-CACERES-MIGU'),
(175022, 'BAUTISTA-HURTADO-OWEN DE'),
(175061, 'MAMANI-ZELA-NICHOLAS EDW'),
(175101, 'QUISPE-ESCALANTE-CARLA'),
(182727, 'CCAHUANTICO-NINAMEZA-LUIS'),
(182731, 'CHIRINOS-VILCA-YERSON JOA'),
(182765, 'SUMIRE-HANCCO-IVAN MARIO'),
(182893, 'AGUILAR-PORCEL-JAZMIN'),
(182894, 'ANDIA-JAEN-ANDRES RODRIGO'),
(182897, 'CALDERON-GARMENDIA-JOSE'),
(182898, 'CERATI-CERRILLO-FIORELLA'),
(182899, 'CHOQUEPATA-HUAMAN-VANES'),
(182900, 'CHUNGA-CASTILLO-GARY BRIG'),
(182901, 'COLLANTE-CARRASCO-ALBER'),
(182902, 'CONDE-QUISPE-REINHARD VIC'),
(182904, 'CURO-MAMANI-ALEX YTALO'),
(182906, 'CUYO-TTITO-DENIS OMAR'),
(182908, 'ESPINOZA-CHAMPI-ISRAEL EN'),
(182909, 'ESTRELLA-VILCA-JAMES KEVIN'),
(182910, 'FLORES-ROBLES-KATHERYNE'),
(182911, 'GAMARRA-HERRERA-GABRIEL'),
(182913, 'HUAHUALUQUE-VARGAS-JHAM'),
(182914, 'HUAMAN-MENDOZA-ELVIS JOR'),
(182916, 'LAZO-MENDOZA-JEREMY AXL'),
(182917, 'MAMANI-GABRIEL-BRUCE MAX'),
(182920, 'MERMA-HUAMAN-NOHEMI NAT'),
(182921, 'MOLLINEDO-PE?A-ALVARO SE'),
(182922, 'MONTES-HUILLCA-FRANKLIN J'),
(182923, 'MORA-CCARHUARUPAY-LUZ L'),
(182924, 'MU?OZ-QUISPE-RUTH MERY'),
(182925, 'OLIVARES-CAMERO-ALER SEB'),
(182926, 'ORTEGA-SULLCACCORI-ACCE'),
(182927, 'PE?A-LUQUE-RAISA MELINA'),
(182928, 'PUMA-SOTOMAYOR-RICHARD'),
(182931, 'QUISPE-MORA-ANDERSON'),
(182932, 'QUISPE-QUISPE-JHON ALBERT'),
(182933, 'SALINAS-ALARCON-PAULO CE'),
(182934, 'SAPACAYO-HUAYHUA-TEOFILO'),
(182935, 'USCACHI-CCAPA-ERICK'),
(182936, 'USUCACHI-ANO-ISAC ANDERS'),
(182937, 'VELASQUEZ-DURAND-HANS RO'),
(182938, 'VILLAFUERTE-GARCES-EDU RO'),
(182939, 'VILLALOBOS-QUISPE-PAMELA'),
(182940, 'VILLASANTE-LEON-AMARU'),
(182941, 'YUCA-LIMA-KARLA URBELINDA'),
(182942, 'ZUNIGA-AUCCAHUAQUI-JUAN M'),
(182975, 'HUAYLLA-PEREDO-RUBEN DAR'),
(182977, 'LA TORRE-FRANCO-JACOBO N'),
(183055, 'CARBAJAL-CARRASCO-GABRIE'),
(183067, 'HUAYLLA-HUILLCA-ROSSBEL'),
(183078, 'PHUYO-HUAMAN-EDSON LEON'),
(183369, 'DEL CASTILLO-OVALLE-LUZ MA'),
(183464, 'MALDONADO-CARDE?A-STIWA'),
(183469, 'PIMENTEL-FRANCO-GONZALO'),
(183485, 'SULLCA-AQUINO-JOSE ANTON'),
(183885, 'CHILE-QUIROGA-HILDEMARO'),
(184191, 'ALVAREZ-MEJIA-ARTURO'),
(184192, 'ARCE-QUISPE-LISBETH'),
(184193, 'CCOSCCO-CHAHUA-YEISON EM'),
(184194, 'CONDORCAHUA-AYLLONE-FER'),
(184195, 'CORDOVA-CCOPA-EMERSON'),
(184196, 'CUSI-FUENTES-GONZALO'),
(184197, 'FERNANDEZ BACA-CASTRO-LU'),
(184199, 'GALLEGOS-CJUIRO-LUIS ALBE'),
(184201, 'GUTIERREZ-TAQQUERE-LUIS F'),
(184202, 'HANCCO-LE?N-ALEXANDER'),
(184203, 'HUAMAN-ATAYUPANQUI-LISBE'),
(184204, 'HUILLCA-QUISPE-JOEL'),
(184206, 'MEZA-ZAMALLOA-MARCUS GE'),
(184207, 'PACCO-YLLA-YONATAN'),
(184209, 'SAIRE-SALAZAR-AXEL STEWAR'),
(184210, 'TAPIA-QUISPE-ANDRE WASHIN'),
(184211, 'TINCUSI-CCORIMANYA-JHON J'),
(184212, 'VALENCIA-CUSIPUMA-LUIS MA'),
(184213, 'ZAVALA-TTITO-DORIAN ROGER'),
(184604, 'LOPEZ-OQUENDO-ANTHONY M'),
(184641, 'BAUTISTA-HUILLCA-RUBEN RO'),
(184643, 'CASTRO-HUAYHUA-NELSON B'),
(184644, 'CCANCHI-CONDORI-ENMANUE'),
(184645, 'CCOTO-MACHACA-EDWIN BRA'),
(184646, 'DIAZ-HUAYLUPO-CHRISTIAN E'),
(184647, 'FLORES-NIETO-CARLOS FABR'),
(184648, 'GALICIA-CENTENO-EDSON  RA'),
(184649, 'HUACHACA-PEDRAZA-ALVARO'),
(184650, 'HUARHUA-QUISPE-JUANA YUL'),
(184651, 'MAMANI-TAIRO-ROY MARVIN'),
(184652, 'PANDO-MU?OZ-ROSWELL JAIM'),
(184653, 'RODRIGUEZ-CASAS-MARJORIE'),
(184654, 'SACA-ACCOSTUPA-MIGUEL EN'),
(184655, 'SANCA-ZEVALLOS-JERY'),
(184656, 'SUAREZ-MARISCAL-MARCELO'),
(184689, 'PILLCO-FLORES-LISBETH'),
(184780, 'PAUCCAR-BLANCO-HAPMYR E'),
(184802, 'MAMANI-LAROTA-PAUL DAVID'),
(185132, 'MAMANI-TAY?A-GABRIEL ARTU'),
(191870, 'CAHUATA-LAVILLA-YOLMY MIL'),
(191871, 'IBARRA-HUAMANCARI-RAY MA'),
(191873, 'PUMA-HUAMANI-GLINA DE LA F'),
(191874, 'VALENCIA-?AUPA-MARKO LEO'),
(191892, 'LLASA-YUCRA-RUTH MARGOT'),
(191978, 'QUISPE-MAMANI-DOMINGO DE'),
(192062, 'HUAMANI-OROS-EMIR GONZAL'),
(192190, 'ZU?IGA-SARA-CARLOS DANIEL'),
(192415, 'CARRION-QUINTANA-BRAYAN'),
(192416, 'CCASANI-HUAMAN-WILMAN'),
(192417, 'CESPEDES-VILCA-ANGEL LUIS'),
(192418, 'CORNEJO-CASTRO-ANGELA LO'),
(192419, 'CUSI-QUISPE-YANET'),
(192420, 'GUEVARA-DELGADO-TIRSSA IV'),
(192422, 'HUAMAN-QUISPE-ANDY MARC'),
(192423, 'LOPEZ-BARAZORDA-JHON ANT'),
(192424, 'MACCARCCO-QUISPE-KAROL G'),
(192425, 'MAYTA-SALAZAR-HERBERTH C'),
(192426, 'NI?O DE GUZMAN-CONDE-WEN'),
(192427, 'PORTILLO-HUAMAN-ERICK NIC'),
(192428, 'RADO-HUAYOTUMA-ARTUR MA'),
(192430, 'TTITO-QUISPE-ABELARDO'),
(192664, 'APARICIO-CASTILLA-BRAYAN G'),
(192665, 'FERNANDEZ-MANDURA-ROYER'),
(192666, 'MELENDEZ-MENDIGURE-EDWA'),
(192975, 'ZAPANA-FLORES-GEORGE ALE'),
(192997, 'ARCE-QUISPE-RUTH MILAGRO'),
(192998, 'CARDENAS-HUAMAN-FABRICIO'),
(192999, 'CCONCHO-CASTELLANOS-MIG'),
(193000, 'CHOQUELUQUE-GARCIA-ALEJA'),
(193001, 'GIFONE-VILLASANTE-EDUARD'),
(193002, 'MERCADO-HUAYCHO-ADELME'),
(193003, 'NOA-LLASCCANOA-ELIAZAR'),
(193004, 'PARQUE-AROSQUIPA-LENIN JO'),
(193027, 'BLANCO-MOZO-CARMEN GUAD'),
(193109, 'COLQUE-GALINDO-JEAN FRAN'),
(193110, 'FIGUEROA-RODRIGUEZ-ASTRI'),
(193129, 'TTITO-HUAMAN-KEVIN JHOEL'),
(193830, 'CCALA-HUAMANI-CRISTHIAN'),
(193832, 'CORTEZ-CCAHUANTICO-PAOL'),
(193834, 'GODOY-LACUTA-CRISTIAN AYR'),
(193835, 'LAVILLA-BOLA?OS-JERSON ED'),
(193837, 'PFOCCORI-QUISPE-ALEX HARV'),
(194516, 'CCA?IHUA-LAYME-ELIAZAR'),
(194518, 'HUAMAN-JAIMES-NICANOR'),
(194519, 'HUAMAN-QUISPE-JEMY SANDR'),
(194520, 'LLAMOCCA-QUISPE-FRANKLIN'),
(194521, 'MALDONADO-CHALCO-CRISTIA'),
(194522, 'MAMANI-MESCCO-LUIS ANTHO'),
(194523, 'MAMANI-MEZA-JOHANA MARIA'),
(194524, 'MELENDRES-PEREZ-CRISTINA'),
(194525, 'PAREDES-CURASCO-ARELI SH'),
(194526, 'QUISPE-SALAS-JOSE ALEXAND'),
(194527, 'QUISPE-SANTA CRUZ-YOEL SA'),
(194529, 'TORRES-MAMANI-GERSON'),
(194530, 'ZEVALLOS-VIDAL-NYCOLL TAT'),
(194892, 'SONCCO-LUQUE-MAX ALEX'),
(194916, 'BACILIO-HUAMAN-JEAN MARCO'),
(194917, 'FLORES-CASTRO-MARY CARM'),
(194918, 'GAMARRA-FLORES-DAYHANA'),
(194919, 'HUAICOCHEA-CARDENAS-WILB'),
(194920, 'HUAMANI-CRIOLLO-JUVENAL'),
(194921, 'SAMATA-PUMAHUALCCA-CRIS'),
(194922, 'SILVA-GUEVARA-ESTEFAN POL'),
(195036, 'GUEVARA-CUSI-ADRIEL MITHU'),
(195048, 'LABRA-HUAITA-NAYELI CONST'),
(195050, 'LOZANO-LLACCTAHUAMAN-ME'),
(200330, 'AMAO-ATAUCHI-JULIO CESAR'),
(200331, 'APAZA-CHOQQUE-WILSON'),
(200332, 'CUSACANI-GONZALES-GERALD'),
(200333, 'ESPINOZA-COLCA-NAHYELY  A'),
(200334, 'LIMA-ESPERILLA-KATERINE CA'),
(200335, 'MAMANI-SAMATA-MAYCOHLL B'),
(200336, 'ORCCON-DIAZ-DARCY OMAR'),
(200337, 'POMA-SUPO-JUAN GABRIEL'),
(200338, 'QUISPE-AGUILAR-ROGER'),
(200339, 'QUISPE-HUITOCALLO-GABRIEL'),
(200340, 'QUISPE-TAY?A-JOSE LUIS'),
(200341, 'SANCHEZ-CHACON-ELBERT CE'),
(200518, 'ALAGON-FERNANDEZ-ANGHEL'),
(200519, 'OCHOA-BARRIOS-JESUS GUST'),
(200520, 'REYNAGA-FLORES-ANGELA VA'),
(200781, 'LIMPI-TINTA-IVAN NESTOR'),
(200785, 'OLARTE-BAUTISTA-CESAR CIR'),
(200788, 'SULLCARANI-DIAZ-BORIS ELOY'),
(200820, 'ATAUCHI-MAMANI-JOSE EMILIO'),
(200821, 'AUCAPURI-CORIMANYA-WILGE'),
(200822, 'ESTACIO-MEDRANO-AMILCAR'),
(200823, 'FERNANDEZ BACA-PILLCO-FAB'),
(200824, 'LEVITA-QUISPE-LUIS ALVINO'),
(200825, 'MENDOZA-MAYTA-ANDRE MAR'),
(200826, 'RODRIGUEZ-PHILLCO-JAIME A'),
(200827, 'SUMIRE-CCAHUANA-KEVIN AR'),
(200858, 'QUISPE-CONDORI-MANUEL ED'),
(200865, 'YANA-CUNO-IAN PIERO'),
(200946, 'NINANCURO-HUARAYO-DIEGO'),
(201228, 'ACHAHUI-CRUZ-MILTON AMED'),
(201229, 'ARANA-FLORES-SHAIEL ALMEN'),
(201230, 'CABRERA-MEJIA-CRISTIAN AN'),
(201231, 'CALLA?AUPA-SALLO-JULIO CE'),
(201232, 'HUERTA-MEDINA-VITO JHON'),
(204318, 'BELLIDO-ARMUTO-ABEL ENRIQ'),
(204319, 'CONDORI-LACUTA-LUIS FERNA'),
(204320, 'GARCIA-ROMERO-JHONATAN A'),
(204321, 'NIETO-BARRIENTOS-YISHAR P'),
(204322, 'ZULOAGA-CCOPA-NILSON LEO'),
(204792, 'ACHAHUANCO-VALENZA-ANDR'),
(204793, 'AGUILAR-SANCHEZ-NIK ANTON'),
(204794, 'CCANSAYA-SONCCO-REBECA'),
(204795, 'CHOQUE-QUISPE-JADYRA CH\'A'),
(204796, 'FARFAN-LUNA-JANNIRA ALISO'),
(204797, 'HANCCO-CHAMPI-FRAN ANTHO'),
(204798, 'HUARACALLO-ARENAS-LINO Z'),
(204799, 'JALLO-PACCAYA-YASUMY MAR'),
(204800, 'MU?OZ-CASTILLO-GEORGE IV'),
(204801, 'OLIVARES-TORRES-YAQUELYN'),
(204803, 'PACHARI-LIPA-MILTON ALEXIS'),
(204804, 'PE?A-CABALLERO-JOSE LUIS'),
(204805, 'PUMACCAHUA-CUSIHUAMAN--'),
(204806, 'SANCHEZ-PALOMINO-DENNIS'),
(204807, 'TINOCO-CCOTO-LUIS MANUEL'),
(204808, 'TORREBLANCA-PAZ-SEBASTIA'),
(210179, 'PRIETO-CARDOSO-DAVID FER'),
(210180, 'VILLALOBOS-USCA-ANGHELO'),
(210409, 'CASTILLA-VARGAS-DAYANA AN'),
(210410, 'PACCO-MAMANI-MARLOM DIEG'),
(210411, 'RAMOS-ALVAREZ-ISMAEL GER'),
(210412, 'ROMERO-BERNAL-JHAMSID'),
(210413, 'SANCHEZ-ENCISO-HORUS HUG'),
(210435, 'TICONA-QUISPE-ISEL YULIANA'),
(210919, 'BIGGERSTAFF-PUMACAHUA-M'),
(210920, 'BUENO-LESCANO-ANDRIC JER'),
(210921, 'CCAMA-ENRIQUEZ-CAROLAY'),
(210922, 'CCASA-CCAHUANA-FLOR DELI'),
(210923, 'CCOYO-MEJIA-BRANDON'),
(210924, 'CUSI-DIAZ-IBETH JANELA DEL'),
(210925, 'DENOS-LIVANO-CRISTIAN PAU'),
(210926, 'DURAN-HUAMAN-YELSIN MAGI'),
(210928, 'ESTRADA-CUYTO-BRANDON P'),
(210929, 'GUTIERREZ-ALFARO-RONALD'),
(210930, 'HUAMAN-BERRIO-FRANZ PAUL'),
(210931, 'KJUIRO-HUAMAN-HJOVER ELS'),
(210933, 'MAMANI-JARA-JORGE LUIS'),
(210934, 'MAMANI-SALCEDO-LIZETH CAR'),
(210935, 'MERMA-CHURA-JEANPIER XILA'),
(210936, 'MONTA?EZ-MEDINA-DANIEL'),
(210937, 'MOTTA-MENDOZA-PAVEL ALVA'),
(210938, 'PALACIOS-YAPO-ALAIN ANTHO'),
(210939, 'PANTOJA-OLAVE-GUSTAVO'),
(210940, 'PUMACHOQUE-CHOQUENAIRA'),
(210941, 'QUISPE-CRUZ-JOSE ARMAND'),
(210942, 'RODRIGUEZ-PAUCCARA-CRIST'),
(210943, 'SAIRE-HUAMAN-ELIAS'),
(210944, 'USCAPI-PUCHO-DIEGO EDU'),
(211311, 'MAYTA-TTITO-WILL EDSON'),
(211355, 'AUCCACUSI-HUANCA-PAUL AN'),
(211356, 'PALACIOS-DURAND-ORIOL FER'),
(211357, 'QQUENTE-ALVAREZ-FRANK RO'),
(211358, 'QUISPE-HUILLCA-JOHAM ESAU'),
(211359, 'QUISPE-VENTURA-IAN LOGAN'),
(211360, 'ROZAS-CCASA-VICTORIA FATIM'),
(211361, 'TORRE-CANO-EDUARDO'),
(211362, 'VALERIANO-HUACARPUMA-LU'),
(211363, 'YUCRA-MENDOZA-LISBETH'),
(211816, 'TICONA-JANCCO-RONALDO'),
(211818, 'YAPO-HUARAYA-FRAN JHOEL'),
(211855, 'HUACHO-CRUZ-DAVID ALI'),
(211856, 'HUAYAPA-HUAMAN?AHUI-OMA'),
(211857, 'HUISA-NINA-YIMY YOHEL'),
(211858, 'MEZA-CHALLCO-DYLAN PATRIC'),
(211859, 'MOREANO-VILLENA-MIGUEL AN'),
(211860, 'MU?OZ-CENTENO-MILDER'),
(211861, 'PUMA-CHA?I-JOS? LUIS'),
(211862, 'QUISPE-ARQQUE-ETNER YURY'),
(211863, 'YUCRA-CHURA-ROY ELMER'),
(211959, 'CCASA-POCOHUANCA-LUDVIK'),
(215270, 'ALEGRIA-SALLO-DANIEL'),
(215271, 'ALVARO-MENDOZA-VICTOR AN'),
(215272, 'APAZA-MAMANI-GIANCARLO'),
(215273, 'CCANSAYA-CHAIZA-RONALD Y'),
(215274, 'CHOQUEMAQUI-CHINCHERCO'),
(215275, 'COCHAMA-BORNAS-ORLANDO'),
(215276, 'CRUZ-CHINO-GIOVANNI RODR'),
(215277, 'HALANOCCA-SURCO-JHON KE'),
(215278, 'HUISA-MAMANI-JUAN GABRIEL'),
(215279, 'RAMOS-CONDORI-LUCERO ES'),
(215422, 'QUISPE-MACHACA-JHON JESU'),
(215725, 'HIGUERA-HALANOCCA-BRAYA'),
(215780, 'ALEGRIA-MENDOZA-JESUS AU'),
(215781, 'BERRIOS-THEA-ALEX'),
(215782, 'CCOA-PEREZ-PATRICK PAUL'),
(215783, 'CONDE-SALLO-JOHAN MIHAIL'),
(215784, 'CRUZ-YUCRA-LUCERO ESMER'),
(215785, 'FERNANDEZ-PUMA-SEBASTIAN'),
(215786, 'LEON-MALDONADO-JOSE CAR'),
(215787, 'MEZA-TTUPA-JOSE LUIS'),
(215788, 'PERALTA-OROS-KEVIN DANIEL'),
(215790, 'ROCCA-CCOTOHUANCA-FLOR'),
(215791, 'SOTELO-QUISPE-JULIO CESAR'),
(215917, 'CHARALLA-CCAMA-GIAN FRAN'),
(216061, 'HUILLCA-DIAZ-JOSE LUIS'),
(216062, 'MU?OZ-ROSAS-RAMIRO'),
(220211, 'HANCCO-VALLE-LEO SMITH'),
(220212, 'NOA-ALLER-INGRID ROSARIO'),
(220213, 'PUMACCAHUA-HUALLPA-PATR'),
(220214, 'VARGAS-ZEGARRA-MARCO AN'),
(220547, 'ARANIBAR-ROJAS-AXEL BARNA'),
(220548, 'CASAFRANCA-BENAVIDES-ELV'),
(220549, 'LLANCAYA-TAPIA-ARACELY'),
(220550, 'MAMANI-ACHIRCANA-EDUARD'),
(220551, 'QUESADA-MAMANI-RODRIGO A'),
(220552, 'QUISPE-CHECYA-JOAN GONZA'),
(220553, 'SUPA-CUSIPAUCAR-YEFERSON'),
(220554, 'ULLOA-PARQUE-FRANK WILDE'),
(220555, 'VILLAVICENCIO-SEGUIL-EDU P'),
(220610, 'QUISPE-LOCUMBER-ALDO'),
(220961, 'MOGROVEJO-CCORIMANYA-LU'),
(220962, 'SALLUCA-CHILE-SANDRO ALEX'),
(220963, 'SURCO-CUTIPA-LUIS ADRIAN'),
(220964, 'TORRES-BAUTISTA-RONIL NILO'),
(221443, 'CALDERON-RODRIGUEZ-ANDR'),
(221444, 'CCORI-TACO-ESMAYDES'),
(221445, 'CHILLIHUANI-HUAMAN-RIVALD'),
(221446, 'DIAZ-MISME-PAMELA'),
(221447, 'FARFAN-CARRION-JOSEPH MA'),
(221448, 'GIL-FIGUEROA-HEIDAN TORIBI'),
(221449, 'HUILLCA-LLANQUE-DAVID DAN'),
(221450, 'QUISPE-NINA-ALEXYS'),
(221451, 'RODR?GUEZ-CCOYTO-JAIRO JA'),
(221452, 'TOLEDO-BERNAL-MAX ERIXON'),
(221453, 'VILLANUEVA-QUISPE-JHAN CA'),
(221945, 'ALVAREZ-CATUNTA-ANGEL ISM'),
(221946, 'MAMANI-QUISPE-JUAN CARLO'),
(221947, 'MINAYA-SILVA-RUTH CAMILA'),
(221948, 'MIRANDA-CHIRAU-RODRIGO F'),
(221949, 'QUISPE-HUANCA-ANDY YOSEP'),
(221950, 'QUISPE-QUISPE-CELIA'),
(950610, 'ANDRADE-ESCOBAR-LUIS'),
(992091, 'CRUZ-ZAMALLOA-OMAR ROLA'),
(992095, 'MAMANI-HUARAYA-EVER'),
(992175, 'MONDRAGON-PORRAS-LUIS C');

-- --------------------------------------------------------

--
-- Estructura de tabla para la tabla `docente`
--

CREATE TABLE `docente` (
  `Cod_Docente` int(2) NOT NULL,
  `Nombres` varchar(50) NOT NULL,
  `Categoria` varchar(6) NOT NULL
) ENGINE=InnoDB DEFAULT CHARSET=utf8mb4;

--
-- Volcado de datos para la tabla `docente`
--

INSERT INTO `docente` (`Cod_Docente`, `Nombres`, `Categoria`) VALUES
(1, 'LAURO ENCISO RODAS', 'PR-DE'),
(2, 'JULIO CESAR CARBAJAL LUNA', 'PR-DE'),
(3, 'NILA ZONIA ACURIO USCA', 'PR-DE'),
(4, 'JAVIER ARTURO ROZAS HUACHO', 'PR-DE'),
(5, 'LINO PRISCILIANO FLORES PACHECO', 'PR-TC'),
(6, 'EDWIN CARRASCO POBLETE', 'PR-TC'),
(7, 'EMILIO PALOMINO OLIVERA', 'PR-TC'),
(8, 'ENRIQUE GAMARRA SALDIVAR', 'PR-TC'),
(9, 'DENNIS IVAN CANDIA OVIEDO', 'PR-TC'),
(10, 'RONY VILLAFUERTE SERNA', 'PR-TC'),
(11, 'GUZMAN TICONA PARI', 'AS-DE'),
(12, 'YESHICA ISELA ORME?O AYALA', 'AS-DE'),
(13, 'JAVIER DAVID CHAVEZ CENTENO', 'AS-DE'),
(14, 'ROXANA LISETTE QUINTANILLA PORTUGAL', 'AS-DE'),
(15, 'IVAN CESAR MEDRANO VALENCIA', 'AS-TC'),
(16, 'LUIS BELTRAN PALMA TTITO', 'AS-TC'),
(17, 'ROBERT WILBERT ALZAMORA PAREDES', 'AS-TC'),
(18, 'WALDO ELIO IBARRA ZAMBRANO', 'AS-TC'),
(19, 'KARELIA MEDINA MIRANDA', 'AS-TC'),
(20, 'VANESSA MARIBEL CHOQUE SOTO', 'AS-TC'),
(21, 'MANUEL PE?ALOZA FIGUEROA', 'AS-TP'),
(22, 'JOSE MAURO PILLCO QUISPE', 'AUX-TC'),
(23, 'LINO AQUILES BACA CARDENAS', 'AUX-TC'),
(24, 'ESTHER PACHECO VASQUEZ', 'AUX-TC'),
(25, 'WILLIAN ZAMALLOA PARO', 'AUX-TC'),
(26, 'HARLEY VERA OLIVERA', 'AUX-TC'),
(27, 'MARITZA IRPANOCCA CUSIMAYTA', 'AUX-TC'),
(28, 'EFRAINA GLADYS CUTIPA ARAPA', 'AUX-TC'),
(29, 'CARLOS FERNANDO MONTOYA CUBAS', 'A1'),
(30, 'CARLOS RAMON QUISPE ONOFRE', 'B1'),
(31, 'BORIS CHULLO LLAVE', 'B1'),
(32, 'RAY DUE?AS JIMENEZ', 'B1'),
(33, 'HECTOR EDUARDO UGARTE ROJAS', 'B1'),
(34, 'LISETH URPY SEGUNDO CARPIO', 'B1'),
(35, 'LUIS ALVARO MONZON CONDORI', 'B1'),
(36, 'VITTALI QUISPE SURCO', 'B1');

-- --------------------------------------------------------

--
-- Estructura de tabla para la tabla `tutoria`
--

CREATE TABLE `tutoria` (
  `Cod_Alumno` int(6) NOT NULL,
  `Nombres` varchar(30) NOT NULL,
  `Cod_Docente` int(2) NOT NULL
) ENGINE=InnoDB DEFAULT CHARSET=utf8mb4;

--
-- Volcado de datos para la tabla `tutoria`
--

INSERT INTO `tutoria` (`Cod_Alumno`, `Nombres`, `Cod_Docente`) VALUES
(2429, 'SOTOMAYOR-CASTRO-IRMA', 31),
(90215, 'GIBAJA-HUAYHUA-JUAN CARLOS', 31),
(112207, 'IBARRA-CASTILLO-WALDO ERICK', 31),
(141660, 'AROSTEGUI-CERNA-JAIR FREDERICK', 31),
(154856, 'HUAHUATICO-SORIA-RONALD', 31),
(164563, 'CARPIO-HERMOZA-HAIDER ALEX', 31),
(175101, 'QUISPE-ESCALANTE-CARLA', 31),
(184212, 'VALENCIA-CUSIPUMA-LUIS MAO', 31),
(125156, 'CONDORI-FLORES-WILLIAMS DENNIS', 31),
(150388, 'CHACON-VARGAS-JUAN ANTONIO', 31),
(160886, 'CACERES-LOAYZA-MARIA LUISA', 31),
(164240, 'ESCOBEDO-DURAN-ROBERTO CARLOS', 31),
(171571, 'ROA-LIMACHI-JHON NILSON', 31),
(182901, 'COLLANTE-CARRASCO-ALBERTO', 31),
(184655, 'SANCA-ZEVALLOS-JERY', 31),
(194525, 'PAREDES-CURASCO-ARELI SHALON', 31),
(201228, 'ACHAHUI-CRUZ-MILTON AMED', 31),
(215270, 'ALEGRIA-SALLO-DANIEL', 31),
(215271, 'ALVARO-MENDOZA-VICTOR ANIBAL', 31),
(20203, 'CHOQUEHUANCA-MACEDO-PERCY', 30),
(113561, 'MAXDEO-LAGOS-KEVIN ROUSBEL', 30),
(141671, 'PAREDES-DENOS-VICTOR ANIVAL', 30),
(155182, 'MAR-GIBAJA-RENATO', 30),
(164817, 'HUAYHUA-JURADO-TANY ARISTIDES', 30),
(182893, 'AGUILAR-PORCEL-JAZMIN', 30),
(184644, 'CCANCHI-CONDORI-ENMANUEL JESUS', 30),
(130516, 'BUSTAMANTE-MAMANI-WASHINGTON M', 30),
(150396, 'LINARES-MIRANO-JOHN ABDUL', 30),
(160889, 'CHOQUE-BUENO-FIORELLA SILVIA', 30),
(164243, 'MACEDO-GHEILER-SEBASTIAN ISRAE', 30),
(171676, 'HUAMAN-AYMA-DERLY HAYLEY', 30),
(182908, 'ESPINOZA-CHAMPI-ISRAEL ENRIQUE', 30),
(185132, 'MAMANI-TAY?A-GABRIEL ARTURO', 30),
(194529, 'TORRES-MAMANI-GERSON', 30),
(201230, 'CABRERA-MEJIA-CRISTIAN ANDY', 30),
(12117, 'PINARES-BUSTAMANTE-SAMMY YASSE', 9),
(21501, 'CONDORI-CONTRERAS-ALAIN', 9),
(120886, 'GALLEGOS-QUI?ONES-FREDY JULMER', 9),
(144986, 'SOTO-COCHAMA-HUGO ROBERTO', 9),
(151335, 'MANZANO-MORENO-MARVIN ALFREDO', 9),
(160328, 'HUAMAN-CABRERA-YONATHAN', 9),
(171059, 'FLORES-IGNACIO-JOSE LUIS', 9),
(182922, 'MONTES-HUILLCA-FRANKLIN JESUS', 9),
(184802, 'MAMANI-LAROTA-PAUL DAVID', 9),
(70730, 'YA?EZ-SANZ-ANTHONY JOSEPH', 9),
(134403, 'CALLAPI?A-CASTILLA-CIRO GABRIE', 9),
(151780, 'QUISPE-PUMA-LUCERO', 9),
(160923, 'GONZALES-HUISA-NELSON', 9),
(170430, 'COVARRUBIAS-AGUILAR-GEREMY AND', 9),
(171918, 'VELARDE-FLORES-MANUEL HUMBERTO', 9),
(182923, 'MORA-CCARHUARUPAY-LUZ LUCERO', 9),
(192424, 'MACCARCCO-QUISPE-KAROL GIANELL', 9),
(194921, 'SAMATA-PUMAHUALCCA-CRISTHIAN', 9),
(204322, 'ZULOAGA-CCOPA-NILSON LEONEL', 9),
(32648, 'LIMPE-ZEVALLOS-LUIS ANDRES', 6),
(60592, 'TTITO-ACCOSTUPA-ROMARIO', 6),
(120893, 'PORROA-SIVANA-YENI RUTH', 6),
(141155, 'HUAMAN-LLAMACPONCCA-MARGOT', 6),
(145002, 'HUALLPA-MONTALVO-RALEXS', 6),
(160331, 'MOZO-DAVILA-MILTON ADERLIN', 6),
(171060, 'FUENTES-CCORI-KEVIN HERNAN', 6),
(174453, 'SONCCO-MAMANI-JOEL SALOMON', 6),
(182924, 'MU?OZ-QUISPE-RUTH MERY', 6),
(191871, 'IBARRA-HUAMANCARI-RAY MARCELO', 6),
(71106, 'CCAHUANTICO-MENDOZA-JULIO CESA', 6),
(134540, 'VILLALBA-DELGADO-CLINTON EDSON', 6),
(151827, 'LEVA-SALAS-RENAN FERDINAND', 6),
(161133, 'FARFAN-LAZO-CESAR FRANCISCO', 6),
(170432, 'GUTIERREZ-DAZA-GONZALO', 6),
(171938, 'LOPE-TORRES-MARISOL', 6),
(182926, 'ORTEGA-SULLCACCORI-ACCENT BLAD', 6),
(192426, 'NI?O DE GUZMAN-CONDE-WENDEL YO', 6),
(194922, 'SILVA-GUEVARA-ESTEFAN POL', 6),
(204792, 'ACHAHUANCO-VALENZA-ANDREE', 6),
(210938, 'PALACIOS-YAPO-ALAIN', 6),
(52113, 'PUMA-HUILLCA-RICHARD JESUS', 7),
(120895, 'QUISPE-PICHUILLA-AYRTON', 7),
(145003, 'BARAZORDA-CUELLAR-HECTOR PAOLO', 7),
(141155, 'HUAMAN-LLAMACPONCCA-MARGOT', 7),
(160332, 'QUISPE-JIMENEZ-MIGUEL ANGEL', 7),
(171062, 'GUTIERREZ-SALAZAR-JUAN MANUEL', 7),
(182925, 'OLIVARES-CAMERO-ALER SEBASTIAN', 7),
(192414, 'BARRIENTOS-CRUZ-CRISTHIAN', 7),
(80219, 'MOREANO-BRICE?O-GROVER', 7),
(134544, 'ZUNIGA-HUAMAN-EDI FRAI', 7),
(151833, 'CONDE-CHURA-YURI FERNANDO', 7),
(161134, 'FERNANDEZ-GUTIERREZ-MARUJEM LY', 7),
(170433, 'HOLGUIN-CONDORI-JULIO JOSUE', 7),
(171943, 'BUSTAMANTE-FLORES-ERICK ANDREW', 7),
(183067, 'HUAYLLA-HUILLCA-ROSSBEL', 7),
(182927, 'PE?A-LUQUE-RAISA MELINA', 7),
(192428, 'RADO-HUAYOTUMA-ARTUR MARTI', 7),
(195050, 'LOZANO-LLACCTAHUAMAN-MEDALY', 7),
(204793, 'AGUILAR-SANCHEZ-NIK ANTONI', 7),
(215277, 'HALANOCCA-SURCO-JHON KEVIN', 7),
(73289, 'BALLON-SEGOVIA-HENRY LUIS', 8),
(120897, 'TELLO-JUSTINIANI-LUIS DAVID', 8),
(145009, 'YCHU-VALENCIA-MIGUEL HUMBERTO', 8),
(160336, 'TRIVE?O-GUERRERO-MANUEL CAMILO', 8),
(171524, 'PUMACAHUA-APAZA-LEONARDO CHEPP', 8),
(182929, 'QUISPE-ACERO-ALDAIR', 8),
(192415, 'CARRION-QUINTANA-BRAYAN DANIEL', 8),
(81561, 'HUACANI -DE LA CRUZ-DANY DARWI', 8),
(140145, 'FLORES-MOLINA-GONZALO AMIR', 8),
(151835, 'HUAMAN-LONCONI-MARCO ANTONIO', 8),
(161365, 'GALLEGOS-HUAYHUA-VERONICA', 8),
(170434, 'HUAMAN-HERMOZA-ANTONY ISAAC', 8),
(174440, 'CONDORI-OCHOA-GIOVDEY ABRAHAM', 8),
(182928, 'PUMA-SOTOMAYOR-RICHARD MIHAYLO', 8),
(192664, 'APARICIO-CASTILLA-BRAYAN GUSTA', 8),
(200330, 'AMAO-ATAUCHI-JULIO CESAR', 8),
(204794, 'CCANSAYA-SONCCO-REBECA ARACELI', 8),
(101659, 'FERIA-TAPARA-JOSE ADOLFO', 8),
(83221, 'TRUJILLO-TORBISCO-LUIS ANDERSO', 24),
(124218, 'UGARTE-LLANCAY-CARLOS ALFONSO', 24),
(145213, 'CONDORI-HUILLCA-LIDER', 24),
(160337, 'VITORINO-MARIN-EFRAIN', 24),
(171565, 'MU?OZ-PACHECO-CHRISTIAN FERNAN', 24),
(182931, 'QUISPE-MORA-ANDERSON', 24),
(192416, 'CCASANI-HUAMAN-WILMAN', 24),
(94303, 'NAHUAMEL-SARCE-DENIS ANGEL', 24),
(140156, 'HUAMAN-MENDOZA-JOHAN WILFREDO', 24),
(152128, 'ALTAMIRANO-ALMIRON-KONI INDIRA', 24),
(154635, 'CONDORI-HUILLCA-JOSE', 24),
(161366, 'GONZALES-MANRRIQUE-LUCIO', 24),
(170435, 'HUAMAN-TORRES-ALVARO RICARDO', 24),
(174441, 'DEZA-KACHA-RENO MAX', 24),
(182936, 'USUCACHI-ANO-ISAC ANDERSON', 24),
(191978, 'QUISPE-MAMANI-DOMINGO DE GUZMA', 24),
(192665, 'FERNANDEZ-MANDURA-ROYER FUNACO', 24),
(200331, 'APAZA-CHOQQUE-WILSON', 24),
(204795, 'CHOQUE-QUISPE-JADYRA CH\'ASKA', 24),
(210939, 'PANTOJA-OLAVE-GUSTAVO', 24),
(210940, 'PUMACHOQUE-CHOQUENAIRA-JHON', 24),
(215279, 'RAMOS-CONDORI-LUCERO ESTEFANY', 24),
(111868, 'VICENTE-RAMIREZ-GUIDO', 28),
(141631, 'ABAL-VILLASANTE-JHOEL YOJHAN', 28),
(154636, 'PALOMINO-AUQUITAYASI-JOSE RAMI', 28),
(164246, 'PACHA-QUISPE-JEAN MARCO', 28),
(175061, 'MAMANI-ZELA-NICHOLAS EDWARD', 28),
(184209, 'SAIRE-SALAZAR-AXEL STEWARF', 28),
(124821, 'ROJAS-CAHUANA-ETSON RONALDAO', 28),
(150387, 'CARRILLO-INQUILTUPA-JULIO CESA', 28),
(161534, 'ZEGARRA-ROJAS-JORGE', 28),
(160853, 'PUMA-MENDOZA-CARLOS EDUARDO', 28),
(164238, 'CASILLA-TTITO-EVANDIR SAUL', 28),
(171570, 'RAMOS-ALVAREZ-EDGAR DANIEL', 28),
(182900, 'CHUNGA-CASTILLO-GARY BRIGHAM', 28),
(192062, 'HUAMANI-OROS-EMIR GONZALO', 28),
(184654, 'SACA-ACCOSTUPA-MIGUEL ENRIQUE', 28),
(194524, 'MELENDRES-PEREZ-CRISTINA', 28),
(200827, 'SUMIRE-CCAHUANA-KEVIN ARON', 28),
(215422, 'QUISPE-MACHACA-JHON JESUS', 28),
(83222, 'VARGAS-QUISPE-CHARLY', 11),
(124811, 'BERRIOS-VILLASANTE-RAQUEL MELI', 11),
(150335, 'YUCRA-TTITO-LESLY YAHAIRA', 11),
(160542, 'C?CERES-HUANCA-ADHAIR EDHINO', 11),
(171568, 'QUINCHO-RODRIGUEZ-JORDY GERSON', 11),
(182933, 'SALINAS-ALARCON-PAULO CESAR', 11),
(192418, 'CORNEJO-CASTRO-ANGELA LORENA', 11),
(100511, 'GUTIERREZ-AMACHI-JUAN CARLOS', 11),
(140934, 'VEGA CENTENO-OLIVERA-RONALDINH', 11),
(154628, 'CONDORI-HUAYCHAY-CESAR APARICI', 11),
(161368, 'LUNA-CCASANI-CHARLIE JOEL', 11),
(170436, 'LUYCHO-ANCAIFURO-MARIELA', 11),
(174442, 'ESCOBEDO-MESCCO-ANGIE', 11),
(170300, 'QUISPE-BEJARANO-RUTH', 11),
(182940, 'VILLASANTE-LEON-AMARU', 11),
(192975, 'ZAPANA-FLORES-GEORGE ALEXANDER', 11),
(200332, 'CUSACANI-GONZALES-GERALD ANTON', 11),
(204796, 'FARFAN-LUNA-JANNIRA ALISON', 11),
(210942, 'RODRIGUEZ-PAUCCARA-CRISTIAN', 11),
(120879, 'ANCCO-PERALTA-RUBEN', 33),
(143830, 'AIMA-JALISTO-JOHN ALDAIR', 33),
(160326, 'CANO-LOAIZA-MICHEL', 33),
(170749, 'CARMONA-CHOQUEMAMANI-KENNY HAR', 33),
(182913, 'HUAHUALUQUE-VARGAS-JHAMIL JHON', 33),
(184656, 'SUAREZ-MARISCAL-MARCELO EDUARD', 33),
(133962, 'CHOQUENAIRA-QUISPE-NOE FRANKLI', 33),
(151332, 'NOLAZCO-SANDOVAL-SHAROM MITCHE', 33),
(160895, 'TTITO-ENRIQUEZ-LEANDRO', 33),
(170427, 'CARCAUSTO-MAMANI-ELIZON FRANK', 33),
(170439, 'QUISPE-YNGA-CALLA?AUPA-LUIS	AN', 33),
(171915, 'NINANTAY-DIAZ-MILEYDY', 33),
(182917, 'MAMANI-GABRIEL-BRUCE MAXIMO', 33),
(192419, 'CUSI-QUISPE-YANET', 33),
(194918, 'GAMARRA-FLORES-DAYHANA LUCERO', 33),
(195036, 'GUEVARA-CUSI-ADRIEL MITHUAR', 33),
(204320, 'GARCIA-ROMERO-JHONATAN ALEXAND', 33),
(210943, 'SAIRE-HUAMAN-ELIAS', 33),
(215781, 'BERRIOS-THEA-ALEX', 33),
(215782, 'CCOA-PEREZ-PATRICK PAUL', 33),
(111856, 'BACA-CHOQUE-CARLOS ALFREDO', 32),
(141599, 'VENTURA-JAUJA-JAIME', 32),
(154632, 'CHAMPI-PUMA-WILLIAM RUIZ', 32),
(164245, 'NINA-GUARDAPUCLLA-JHOSET DAVID', 32),
(175022, 'BAUTISTA-HURTADO-OWEN DEISER', 32),
(184206, 'MEZA-ZAMALLOA-MARCUS GEUSEPPE', 32),
(124813, 'DE LA CRUZ-QUISPE-ALEX ALBERTO', 32),
(150379, 'QUISPE-QUISPE-JOEL', 32),
(160696, 'HUAMAN-MORALES-ANGGIE ANTUANE', 32),
(164237, 'CARRION-ACU?A-JHOSEP ANTONY', 32),
(171567, 'PUCLLA-HUAMAN-DIANA STEPHANIE', 32),
(182898, 'CERATI-CERRILLO-FIORELLA', 32),
(184653, 'RODRIGUEZ-CASAS-MARJORIE REBEC', 32),
(194523, 'MAMANI-MEZA-JOHANA MARIA', 32),
(195048, 'LABRA-HUAITA-NAYELI CONSTANTIN', 32),
(200826, 'RODRIGUEZ-PHILLCO-JAIME ANTONI', 32),
(215784, 'CRUZ-YUCRA-LUCERO ESMERALDA', 32),
(215785, 'FERNANDEZ-PUMA-SEBASTIAN', 32),
(215786, 'LEON-MALDONADO-JOSE CARLOS', 32),
(215787, 'MEZA-TTUPA-JOSE LUIS', 32),
(91613, 'RAMIREZ-APAZA-EBERT', 15),
(125110, 'VERA-CCASA-NAYLUZ ROSMERY', 15),
(150389, 'CONDE-SALLO-JHACK STEVEN', 15),
(160888, 'CANA-APU-ORLANDO', 15),
(171569, 'QUISPE-HANCCO-FERNANDO', 15),
(182934, 'SAPACAYO-HUAYHUA-TEOFILO SOCRA', 15),
(192420, 'GUEVARA-DELGADO-TIRSSA IVONNE', 15),
(101059, 'CASTILLO-LOPEZ-RICARDO JORGE', 15),
(140985, 'LIMPE-QUISPE-JERRY ANDERSON', 15),
(154631, 'NOLASCO-SUYO-CARLOS ANTONI', 15),
(161369, 'MU?OZ-MU?OZ-WILY RODRIGO', 15),
(171065, 'PUMA-CHICLLASTO-GRIMALDO', 15),
(170594, 'DORADO-TORRES-DIEGO ALONSO', 15),
(174447, 'QUISPE-CHAMBILLA-CARLOS ENRIQU', 15),
(182941, 'YUCA-LIMA-KARLA URBELINDA', 15),
(192997, 'ARCE-QUISPE-RUTH MILAGROS', 15),
(200333, 'ESPINOZA-COLCA-NAHYELY ALANIZ', 15),
(200781, 'LIMPI-TINTA-IVAN NESTOR', 15),
(204797, 'HANCCO-CHAMPI-FRAN ANTHONY', 15),
(91622, 'VALDEZ-CGUNO-JULIO CESAR', 4),
(130737, 'DIANDERAS-LOPEZ-JHOHELLS ERICK', 4),
(150397, 'LOAIZA-MONROY-BRUNO WALDIR', 4),
(160892, 'LIMACHI-ORTEGA-FREDDY', 4),
(171573, 'YA?EZ-TUERO-JOSE ANGEL', 4),
(182935, 'USCACHI-CCAPA-ERICK', 4),
(192421, 'HUAMAN-MERINO-ALFREDO ALIPIO', 4),
(103170, 'MOROCCO-LAYME-JONATHAN', 4),
(140987, 'VILLARES-SUBLE-ALDAIR WILBERT', 4),
(154633, 'CONDORI-CCARHUARUPAY-BRUNO MOI', 4),
(161727, 'MU?OZ-PACHECO-ENIT', 4),
(171261, 'BARRAGAN-JOVE-LUIS', 4),
(170748, 'ARAUJO-LECHUGA-LUIS AUGUSTO', 4),
(174450, 'SALAS-CCOLQQUE-WILLIAN', 4),
(182942, 'ZUNIGA-AUCCAHUAQUI-JUAN MANUEL', 4),
(192998, 'CARDENAS-HUAMAN-FABRICIO YARED', 4),
(200334, 'LIMA-ESPERILLA-KATERINE CANDY', 4),
(204798, 'HUARACALLO-ARENAS-LINO ZEYNT', 4),
(210944, 'USCAPI-PUCHO-DIEGO', 4),
(211355, 'AUCCACUSI-HUANCA-PAUL', 4),
(211356, 'PALACIOS-DURAND-ORIOL', 4),
(93160, 'CHARA-TACURI-CESAR', 13),
(130740, 'HUILLCA-HUILLCA-ABIGAIL', 13),
(150400, 'OCHOA-MAMANI-RICARDO', 13),
(161135, 'QUISPE-TACURI-RUDI', 13),
(171605, 'SALINAS-ATAUSINCHI-JERSON', 13),
(182937, 'VELASQUEZ-DURAND-HANS ROBERT', 13),
(192423, 'LOPEZ-BARAZORDA-JHON ANTHONY', 13),
(103172, 'PALOMINO-POVEA-ANGEL', 13),
(140998, 'TTITO-QUILCA-CESAR RODRIGO', 13),
(154637, 'NINA-PONCE-JOSUE JOSE', 13),
(161731, 'SONCCO-CACHURA-DAVID', 13),
(171917, 'RAMOS-BANDA-SANDRO', 13),
(170750, 'CUSIHUAMAN-AUCCACUSI-LUIS ALDA', 13),
(174452, 'SARCO-JACINTO-DANIEL EDUARDO', 13),
(183055, 'CARBAJAL-CARRASCO-GABRIEL', 13),
(192999, 'CCONCHO-CASTELLANOS-MIGUEL ANG', 13),
(200335, 'MAMANI-SAMATA-MAYCOHLL BERLY', 13),
(200785, 'OLARTE-BAUTISTA-CESAR CIRO', 13),
(204799, 'JALLO-PACCAYA-YASUMY MARICELY', 13),
(211357, 'QQUENTE-ALVAREZ-FRANK', 13),
(110597, 'LLOCLLE-PUMA-HOLGUER', 20),
(141010, 'RAMIREZ-ALVAREZ-LUISBERTO', 20),
(154623, 'SOTO-MAMANI-HEDDED JOEL', 20),
(164241, 'GIRALDO-ENCISO-DAVID', 20),
(174944, 'CONDORI-MOZO-WESLEY JUANPEDRO', 20),
(182896, 'AUCCAISE-RONCO-HAYDER', 20),
(184203, 'HUAMAN-ATAYUPANQUI-LISBET PAOL', 20),
(200339, 'QUISPE-HUITOCALLO-GABRIEL', 20),
(124219, 'VALLE-HUAMAN-MARIA ANGELA', 20),
(145005, 'QUISPE-CORONEL-ANDREE YORDAN', 20),
(160544, 'JARA-HILLPA-LUIS ABELARDO', 20),
(164235, 'CALLAPI?A-RODRIGUEZ-JOSUE CRIS', 20),
(171260, 'QUISPE-TTITO-JOEL WILLY', 20),
(182894, 'ANDIA-JAEN-ANDRES RODRIGO', 20),
(184647, 'FLORES-NIETO-CARLOS FABRICIO', 20),
(194519, 'HUAMAN-QUISPE-JEMY SANDRO', 20),
(200824, 'LEVITA-QUISPE-LUIS ALVINO', 20),
(200858, 'QUISPE-CONDORI-MANUEL EDUARDO', 20),
(211358, 'QUISPE-HUILLCA-JOHAM', 20),
(93169, 'HUAMANI-FLOREZ-RONALD', 22),
(130741, 'MERMA-QUISPE-HAROL HELBERT', 22),
(150404, 'QUEKQA?O-QUISPE-CAYO ABEL', 22),
(161136, 'TTITO-OCSA-JOSE ROLANDO', 22),
(171866, 'QUISPE-YAHUIRA-RONALDO', 22),
(182932, 'QUISPE-QUISPE-JHON', 22),
(182938, 'VILLAFUERTE-GARCES-EDU RODRIGO', 22),
(192425, 'MAYTA-SALAZAR-HERBERTH CLAUDD', 22),
(103637, 'AMAO-SULLCAHUAMAN-SHUI DANITZA', 22),
(140999, 'ANCCO-PERALTA-ROSARIO', 22),
(155180, 'MASIAS-USCAMAYTA-NAOMI ISABEL', 22),
(161756, 'CCONISLLA-MEDINA-ANTHONY ALDAI', 22),
(171057, 'CALDERON-TINTAYA-FALLCHA XIOMA', 22),
(174454, 'TINTAYA-TACO-YUREMA LISBETH', 22),
(183369, 'DEL CASTILLO-OVALLE-LUZ MARINA', 22),
(193000, 'CHOQUELUQUE-GARCIA-ALEJANDRO M', 22),
(200336, 'ORCCON-DIAZ-DARCY OMAR', 22),
(200865, 'YANA-CUNO-IAN PIERO', 22),
(204800, 'MU?OZ-CASTILLO-GEORGE IVANOK', 22),
(211359, 'QUISPE-VENTURA-IAN', 22),
(93175, 'LAYME-MAMANI-NELSON', 2),
(131050, 'SANDI-MAMANI-ALEX', 2),
(150406, 'SANGA-MONRROY-ROGER', 2),
(161367, 'HUALVERDE-QUISPE-BENJAMIN ALEX', 2),
(174439, 'CHOQUECONZA-QUISPE-NORGAN SAND', 2),
(182939, 'VILLALOBOS-QUISPE-PAMELA ARACE', 2),
(192427, 'PORTILLO-HUAMAN-ERICK NICASIO', 2),
(103644, 'LARICO-RODRIGO-EDER PAUL', 2),
(141000, 'ASCUE-PE?A-AXEL RICARDO', 2),
(155183, 'VARGAS-ARQQUE-JEREMYK RUFINO', 2),
(161757, 'CCUITO-QUISPE-JHON ALBERT', 2),
(171058, 'DEZA-CONDORI-ROSMEL URIEL', 2),
(174455, 'UGARTE-CASTILLO-BRIGGITTE LEON', 2),
(184193, 'CCOSCCO-CHAHUA-YEISON', 2),
(183464, 'MALDONADO-CARDE?A-STIWARTH D?A', 2),
(193001, 'GIFONE-VILLASANTE-EDUARDO JUAR', 2),
(200337, 'POMA-SUPO-JUAN GABRIEL', 2),
(204801, 'OLIVARES-TORRES-YAQUELYN ROSAL', 2),
(93178, 'MAMANI-CRISPIN-ISAI ISAAC', 19),
(131605, 'AYQUIPA-GOMEZ-AMILCAR', 19),
(150495, 'QUISPE-CLEMENTE-SAMAN', 19),
(161759, 'HUACHACA-PINEDA-HUMBERTO', 19),
(174443, 'FARFAN-MOSCOSO-JUAN VICTOR', 19),
(183078, 'PHUYO-HUAMAN-EDSON LEONID', 19),
(192430, 'TTITO-QUISPE-ABELARDO', 19),
(110125, 'LOPINTA-HUAMAN-CRISTIAN RODRIG', 19),
(141154, 'FERNANDEZ-TILCA-CHRIS IALEEN', 19),
(155184, 'MAMANI-CCANAHUIRE-LALO LEONEL', 19),
(161758, 'FLOREZ-CCOA-LUIGGI EDUARDO', 19),
(171061, 'GUEVARA-FERRO-CRISTIAN LUIS', 19),
(174905, 'AGUILAR-MAINICTA-GIAN MARCO', 19),
(183469, 'PIMENTEL-FRANCO-GONZALO MARTIN', 19),
(193002, 'MERCADO-HUAYCHO-ADELMECIA', 19),
(204805, 'PUMACCAHUA-CUSIHUAMAN--CHRISTI', 19),
(200338, 'QUISPE-AGUILAR-ROGER', 19),
(204803, 'PACHARI-LIPA-MILTON ALEXIS', 19),
(211360, 'ROZAS-CCASA-VICTORIA', 19),
(211361, 'TORRE-CANO-EDUARDO', 19),
(211363, 'YUCRA-MENDOZA-LISBETH', 19),
(100031, 'DURAND-NAVARRO-LUISA SHIRLEY', 1),
(131612, 'MONTA?EZ-CHOQUE-WILLIANS', 1),
(151448, 'ROMAN-CUELLAR-JUAN MANUEL', 1),
(161760, 'HUAMAN-VARGAS-PERCY ELVIS', 1),
(174445, 'OLARTE-CASAS-RODRIGO FABRICIO', 1),
(183218, 'QUISPE-MENDOZA-DIEGO', 1),
(192666, 'MELENDEZ-MENDIGURE-EDWARD', 1),
(110603, 'PUMAYALLI-CUSICUNA-FRANK EDISO', 1),
(141158, 'SAIRE-HANCCO-CESAR ANDERSSON', 1),
(155185, 'PEZUA-CERNADES-ARACELY', 1),
(161762, 'MORA-HUICHI-ALEX CRISTIAN', 1),
(171063, 'MALLQUI-APAZA-NADIABETH DIANA', 1),
(174908, 'CASILLA-PERCCA-VLADIMIR DANTE', 1),
(184192, 'ARCE-QUISPE-LISBETH', 1),
(193003, 'NOA-LLASCCANOA-ELIAZAR', 1),
(191892, 'LLASA-YUCRA-RUTH MARGOT', 1),
(200946, 'NINANCURO-HUARAYO-DIEGO SHAID', 1),
(204804, 'PE?A-CABALLERO-JOSE LUIS', 1),
(210178, 'LUNA-CCAPA-CARLOS', 1),
(211855, 'HUACHO-CRUZ-DAVID', 1),
(215790, 'ROCCA-CCOTOHUANCA-FLOR MARIA', 1),
(100505, 'ARONI-SOTO-WARREN STEPHEN', 23),
(133960, 'CHAMPI-CHAMPI-ABRAHAN ELIAS', 23),
(151450, 'ACHAHUANCO-ACHAHUI-EURIDICE IN', 23),
(161761, 'HUAMANI-SURCO-GROBER ALBERT', 23),
(174446, 'PORRAS-CHARCA-JAVIER GUSTAVO', 23),
(183485, 'SULLCA-AQUINO-JOSE ANTONIO', 23),
(193004, 'PARQUE-AROSQUIPA-LENIN JOAQUIN', 23),
(111175, 'CARRASCO-CUNZA-DANIEL ALEXANDE', 23),
(141670, 'HALIRE-HUAMAN-JAIME ANDREE', 23),
(155186, 'ALARCON-MAMANI-JHON ALFRED', 23),
(161764, 'SALAS-HUAMANI-MARITZA FLOR', 23),
(171064, 'ORE-GAMARRA-ABRAHAM BENJAMIN', 23),
(174909, 'CHOQUE-SARMIENTO-LEYDI DIANA', 23),
(184194, 'CONDORCAHUA-AYLLONE-FERDINAN J', 23),
(193027, 'BLANCO-MOZO-CARMEN GUADALUPE', 23),
(200341, 'SANCHEZ-CHACON-ELBERT CESAR', 23),
(204806, 'SANCHEZ-PALOMINO-DENNIS OSWALD', 23),
(210413, 'SANCHEZ-ENCISO-HORUS HUGO', 23),
(216060, 'CHAMPI-RIMACHI-ELIZBETH ZULEYK', 23),
(216061, 'HUILLCA-DIAZ-JOSE LUIS', 23),
(101526, 'ORUE-QUISPE-ALVARO AMERICO', 5),
(133963, 'CONSA-QQUECCA?O-FERDINAN', 5),
(151737, 'MERINO-SOLANO-WILLIAM', 5),
(163806, 'ASENCIO-ARQQUE-JHOEL FELIX', 5),
(174449, 'SAIRE-BUSTAMANTE-EDMIL JAMPIER', 5),
(183885, 'CHILE-QUIROGA-HILDEMARO', 5),
(193168, 'ESPINOZA-OTAZU-FREDIMAR', 5),
(111332, 'QUISPE-CALANCHI-JOSE WALTHER', 5),
(143833, 'MELO-GUTIERREZ-RAUL ELVER', 5),
(155189, 'HUARAYA-CHARA-BLADIMIR', 5),
(161765, 'ZU?IGA-RAMOS-DANIEL ANTONY', 5),
(171066, 'QUINTO-CATACHURA-LADY DIANA', 5),
(174910, 'CUSI-HUAYLLA-MIGUEL ANGEL', 5),
(184195, 'CORDOVA-CCOPA-EMERSON', 5),
(193109, 'COLQUE-GALINDO-JEAN FRANCO', 5),
(200518, 'ALAGON-FERNANDEZ-ANGHELO', 5),
(204807, 'TINOCO-CCOTO-LUIS MANUEL', 5),
(950610, 'ANDRADE-ESCOBAR-LUIS', 5),
(210179, 'PRIETO-CARDOSO-DAVID', 5),
(210941, 'QUISPE-CRUZ-JOSE ARMAND', 5),
(113553, 'FLORES-YUCRA-IGNACIO', 34),
(141664, 'CONDE-PADIN-GEORGE ADOLFO', 34),
(155179, 'QUISPE-LAROTA-YHON LENIN', 34),
(164564, 'ESPINAL-HUAMAN-ANGEL PLACIDO', 34),
(182727, 'CCAHUANTICO-NINAMEZA-LUIS FERN', 34),
(184641, 'BAUTISTA-HUILLCA-RUBEN RONALD', 34),
(130322, 'PEREZ-TOMAYLLA-BRUNO', 34),
(150394, 'HUAMAN-GUEVARA-ALEXANDER JAVIE', 34),
(160887, 'CALLA-YARIHUAMAN-FERNANDO RAFA', 34),
(164242, 'INQUILTUPA-CORTEZ-PATRICK ANTO', 34),
(171572, 'SALCEDO-HURTADO-JORGE ANDRE', 34),
(182906, 'CUYO-TTITO-DENIS OMAR', 34),
(184689, 'PILLCO-FLORES-LISBETH', 34),
(194527, 'QUISPE-SANTA CRUZ-YOEL SANDRO', 34),
(201229, 'ARANA-FLORES-SHAIEL ALMENDRA', 34),
(210180, 'VILLALOBOS-USCA-ANGHELO', 34),
(211311, 'MAYTA-TTITO-WILL EDSON', 34),
(215275, 'COCHAMA-BORNAS-ORLANDO', 34),
(216062, 'MU?OZ-ROSAS-RAMIRO', 34),
(101658, 'CHOQUE-CCOA-DENNIS ALIPIO', 16),
(134033, 'QUISPE-USCAMAYTA-ROBERT ANDRES', 16),
(151760, 'SALAZAR-MUELLE-BRAYAN DARIO', 16),
(163808, 'LOZANO-LLACCTAHUAMAN-ROYER BRA', 16),
(174457, 'VELASQUEZ-QUISPE-OLIVER STIVEN', 16),
(184191, 'ALVAREZ-MEJIA-ARTURO', 16),
(193807, 'JANCCO-CONCHA-CESAR AUGUSTO', 16),
(111860, 'CHALCO-CARRASCO-DENNIS ERICK', 16),
(144884, 'POCCORI-ESCALANTE-JUAN DIEGO', 16),
(155372, 'KU-ANDRADE-ANGELO PIETRI', 16),
(161783, 'ALVAREZ-QUISPE-LISHIEL', 16),
(171067, 'QUISPE-SERRANO-HILLARY CRISTIN', 16),
(174911, 'HUANCARA-CCOLQQUE-ALEX HELDER', 16),
(184207, 'PACCO-YLLA-YONATAN', 16),
(193110, 'FIGUEROA-RODRIGUEZ-ASTRID', 16),
(200519, 'OCHOA-BARRIOS-JESUS GUSTAVO', 16),
(204808, 'TORREBLANCA-PAZ-SEBASTIAN VICT', 16),
(210409, 'CASTILLA-VARGAS-DAYANA', 16),
(211362, 'VALERIANO-HUACARPUMA-LUIGUI FE', 16),
(215780, 'ALEGRIA-MENDOZA-JESUS AUGUSTO', 16),
(101659, 'FERIA-TAPARA-JOSE ADOLFO', 21),
(134134, 'MELGAREJO-SAAVEDRA-SAULO SHALO', 21),
(151775, 'QUISPE-GONZALES-BRENDA NAHOMI', 21),
(163809, 'MAMANI-CHINO-RUBEN', 21),
(174838, 'CALLHUA-ALDAZABAL-OSBALDO DAN', 21),
(184196, 'CUSI-FUENTES-GONZALO', 21),
(193830, 'CCALA-HUAMANI-CRISTHIAN', 21),
(113567, 'QUISPE-HUARHUA-IVAN ARTHUR', 21),
(144987, 'MENDOZA-CJUIRO-NILO FIDEL', 21),
(160325, 'APAZA-GARRIDO-MANUEL ALFREDO', 21),
(163525, 'FARFAN-ENRIQUEZ-GABRIELA', 21),
(171068, 'RODRIGUEZ-HANCCO-RUDY RODRIGO', 21),
(174912, 'INCA-CRUZ-CARLOS EDUARDO', 21),
(184210, 'TAPIA-QUISPE-ANDRE WASHINGTON', 21),
(193129, 'TTITO-HUAMAN-KEVIN JHOEL', 21),
(200520, 'REYNAGA-FLORES-ANGELA VANESSA', 21),
(204809, 'TORRES-MENDOZA-RAUL', 21),
(211856, 'HUAYAPA-HUAMAN?AHUI-OMAR', 21),
(210921, 'CCAMA-ENRIQUEZ-CAROLAY', 21),
(210410, 'PACCO-MAMANI-MARLOM', 21),
(114141, 'FLORES-SANTOS-YEREMI ANDREI', 29),
(141674, 'VILCA-PANTIGOSO-KAROL BERLIZ', 29),
(155192, 'NU?EZ-HUALLA-ALFREDO', 29),
(170440, 'ROJAS-GARAY-JAFET CALEB', 29),
(182904, 'CURO-MAMANI-ALEX YTALO', 29),
(184651, 'MAMANI-TAIRO-ROY MARVIN', 29),
(131610, 'MEDINA-VILLAFUERTE-GRAITD KATE', 29),
(150409, 'TTITO-RAMOS-MANUEL DARIO', 29),
(160893, 'OLAZABAL-CALLER-LETICIA GIULIA', 29),
(164566, 'MAMANI-QUINTA-MICHAEL ANTONNI', 29),
(171910, 'GUERRA-BELLIDO-JHON WALDIR', 29),
(182914, 'HUAMAN-MENDOZA-ELVIS JORGE', 29),
(191874, 'VALENCIA-?AUPA-MARKO LEONEL', 29),
(194916, 'BACILIO-HUAMAN-JEAN MARCO', 29),
(204318, 'BELLIDO-ARMUTO-ABEL ENRIQUE', 29),
(210412, 'ROMERO-BERNAL-JHAMSID', 29),
(210411, 'RAMOS-ALVAREZ-ISMAEL', 29),
(211816, 'TICONA-JANCCO-RONALDO', 29),
(113562, 'MENDOZA-HUAILLAPUMA-ELISBAN', 27),
(141672, 'CORNEJO-CRUZ-JULIO WILSON', 27),
(155190, 'HINOJOSA-HUARCA-BRAYAN ALEXAND', 27),
(170428, 'CASSA-LIPA-EDWAR YURI', 27),
(182899, 'CHOQUEPATA-HUAMAN-VANESSA', 27),
(184649, 'HUACHACA-PEDRAZA-ALVARO', 27),
(130736, 'CUTIRE-ARCE-NICO ALVARO', 27),
(150401, 'PARI-ARRIAGA-DENILSON', 27),
(160890, 'CORDOVA-CASTRO-MARKO LEUGIM', 27),
(164248, 'PUMA-POTOCINO-JOSE FRANCISCO', 27),
(171805, 'ROJAS-SOTO-CLAUDIA LUZ', 27),
(182909, 'ESTRELLA-VILCA-JAMES KEVIN', 27),
(191870, 'CAHUATA-LAVILLA-YOLMY MILAGROS', 27),
(194530, 'ZEVALLLOS-VIDAL-NYCOLL TATIANA', 27),
(201231, 'CALLA?AUPA-SALLO-JULIO CESAR', 27),
(210919, 'BIGGERSTAFF-PUMACAHUA-MEI-LING', 27),
(211818, 'YAPO-HUARAYA-FRAN JHOEL', 27),
(101664, 'QUISPE-RODRIGUEZ-LUIS ALEXEI', 3),
(134537, 'HUAYTA-OBLITAS-JOSE CARLOS', 3),
(151812, 'FERRO-ALVAREZ-JUSTINO', 3),
(163810, 'RODRIGUEZ-HUARACA-YOFRE', 3),
(174856, 'MAMANI-HUAMAN-KALEB GEDEON', 3),
(184197, 'FERNANDEZ BACA-CASTRO-LUCIAN N', 3),
(193835, 'LAVILLA-BOLA?OS-JERSON EDU', 3),
(113572, 'AUCAPI?A-SUVIZARRETA-EDWAR', 3),
(144992, 'QUINTANILLA-CERON-JIMY NICANOR', 3),
(160329, 'HUILLCA-MOZO-BRYAN', 3),
(163671, 'ROBLES-SILVA-ANGELO', 3),
(171069, 'RODRIGUEZ-OJEDA-JORGE VICTOR', 3),
(174913, 'NAOLA-PUMA-EDWARD BRAYAN', 3),
(184211, 'TINCUSI-CCORIMANYA-JHON JAIME', 3),
(193832, 'CORTEZ-CCAHUANTICO-PAOLA ANDRE', 3),
(200788, 'SULLCARANI-DIAZ-BORIS ELOY', 3),
(992091, 'CRUZ-ZAMALLOA-OMAR ROLANDO', 3),
(210920, 'BUENO-LESCANO-ANDRIC', 3),
(215783, 'CONDE-SALLO-JOHAN MIHAIL', 3),
(103171, 'NAHUAMEL-SARCE-JHON ANDER', 17),
(134683, 'DURAND-NAVARRO-ANNELLY', 17),
(151822, 'PUMA-MAMANI-NILSON MAURI?O', 17),
(163811, 'SENCIA-GUTIERREZ-BETO RONALDO', 17),
(174864, 'RAMOS-CONDORI-DANNY', 17),
(184198, 'FERNANDEZ-ALVAREZ-DIEGO', 17),
(194520, 'LLAMOCCA-QUISPE-FRANKLIN', 17),
(114146, 'JOVE-CHIRINOS-PERCY BRYAN', 17),
(144993, 'IBARRA-HUAMAN-ALEXANDER PAVEL', 17),
(160333, 'REYES-VALLE-NILSON', 17),
(163807, 'CHATA-HUALLPAYUNCA-MILTON ANDE', 17),
(171070, 'SULLCA-PERALTA-MELANIE INDIRA', 17),
(174914, 'QUISPE-PALOMINO-LUIYI ANTONY', 17),
(184604, 'LOPEZ-OQUENDO-ANTHONY MAYRON', 17),
(193834, 'GODOY-LACUTA-CRISTIAN AYRTHON', 17),
(200820, 'ATAUCHI-MAMANI-JOSE EMILIO', 17),
(992175, 'MONDRAGON-PORRAS-LUIS CARLOS', 17),
(210922, 'CCASA-CCAHUANA-FLOR', 17),
(210923, 'CCOYO-MEJIA-BRANDON', 17),
(210924, 'CUSI-DIAZ-IBETH-JANELA DEL PIL', 17),
(210925, 'DENOS-LIVANO-CRISTIAN', 17),
(211858, 'MEZA-CHALLCO-DYLAN PATRICK', 17),
(211860, 'MU?OZ-CENTENO-MILDER', 17),
(120883, 'CJUNO-MACHACA-ALEX SAIN', 35),
(144202, 'CURSE-CACERES-MAVILA DANITZA', 35),
(160327, 'CUSI-HUAMAN-KEVIN YEISON', 35),
(170751, 'ENRIQUEZ-QUISPE-JOHN KEVIN', 35),
(182921, 'MOLLINEDO-PE?A-ALVARO SEBASTIA', 35),
(184780, 'PAUCCAR-BLANCO-HAPMYR ERWIN', 35),
(133964, 'GONZALES-MEZA-JHENDY EDER', 35),
(151388, 'CACERES-QUISPE-MARIA FERNANDA', 35),
(160920, 'CHOQUE-NAVARRO-MARCELO FABIAN', 35),
(170429, 'CONDORI-LOPEZ-JUAN CARLOS', 35),
(171916, 'PEREIRA-CHINCHERO-RICHARD MIKH', 35),
(182920, 'MERMA-HUAMAN-NOHEMI NATALIA', 35),
(192422, 'HUAMAN-QUISPE-ANDY MARCELO', 35),
(194919, 'HUAICOCHEA-CARDENAS-WILBER EMA', 35),
(204321, 'NIETO-BARRIENTOS-YISHAR PIERO', 35),
(210926, 'DURAN-HUAMAN-YELSIN', 35),
(211859, 'MOREANO-VILLENA-MIGUEL ANGEL', 35),
(215788, 'PERALTA-OROS-KEVIN DANIEL', 35),
(215276, 'CRUZ-CHINO-GIOVANNI RODRIGO', 35),
(103179, 'YARANGA-ACHAHUI-ALDO', 10),
(140984, 'CCAPATINTA-QQUECCA?O-DENNIS MO', 10),
(151830, 'VALDEIGLESIAS-DUE?AS-NAJOR JOS', 10),
(163813, 'VIZCARRA-VARGAS-MARCELO ANGELO', 10),
(174906, 'APAZA-HUAMANI-FRANK CLINTON', 10),
(184199, 'GALLEGOS-CJUIRO-LUIS ALBERTO', 10),
(194522, 'MAMANI-MESCCO-LUIS ANTHONY', 10),
(120285, 'PUMA-JARA-MIGUEL ANGEL CRISOLO', 10),
(144994, 'SULLCAHUAMAN-VALDEZ-DENNYS YUT', 10),
(160338, 'YUPANQUI-CARRILLO-HOLGER ALFRE', 10),
(163812, 'VIZA-AEDO-NESTOR', 10),
(171071, 'YARAHUAMAN-ROJAS-MILAGROS', 10),
(174961, 'VILCAHUAMAN-CACERES-MIGUEL', 10),
(184643, 'CASTRO-HUAYHUA-NELSON BERTOL', 10),
(193837, 'PFOCCORI-QUISPE-ALEX HARVEY', 10),
(200821, 'AUCAPURI-CORIMANYA-WILGER FABR', 10),
(210927, 'ENRIQUEZ-ARAMBURU-JELIEL', 10),
(210928, 'ESTRADA-CUYTO-BRANDON', 10),
(111651, 'QUISPE-SOTO-WILLIAM', 14),
(141011, 'SIPAUCAR-CONDORI-MARITZA MARIB', 14),
(154630, 'YUCRA-VALDEZ-YEFER YOSELIN', 14),
(164244, 'MOLOCHO-CONDORI-BRAYAN VLADYMI', 14),
(174948, 'HUAMAN-CHILO-ELVIS', 14),
(184204, 'HUILLCA-QUISPE-JOEL', 14),
(124799, 'NINA-GUARDAPUCLLA-CARLOS ALEX', 14),
(150372, 'HANCCO-CHACO-JOSE MARIA', 14),
(160545, 'NAOLA-PEREYRA-ALEXANDER YERIM', 14),
(164236, 'CARBAJAL-LAURA-KOSMAR HUGO', 14),
(171564, 'FLORES-AQUINO-LUIS ENRIQUE', 14),
(182897, 'CALDERON-GARMENDIA-JOSEPH TIMO', 14),
(184648, 'GALICIA-CENTENO-EDSON RAUL', 14),
(194521, 'MALDONADO-CHALCO-CRISTIAN DANI', 14),
(200825, 'MENDOZA-MAYTA-ANDRE MARCELO', 14),
(210929, 'GUTIERREZ-ALFARO-RONALD', 14),
(210930, 'HUAMAN-BERRIO-FRANZ', 14),
(211861, 'PUMA-CHA?I-JOS? LUIS', 14),
(215278, 'HUISA-MAMANI-JUAN GABRIEL', 14),
(992095, 'MAMANI-HUARAYA-EVER', 36),
(120008, 'CUETO-SANCHEZ-CARLA PALOMA', 36),
(141677, 'NINAHUANCA-CHOQUE-JUAN CARLOS', 36),
(155637, 'CORRALES-USCA-NESTOR', 36),
(170441, 'VILLAFUERTE-TURPO-ALEX CHRISTO', 36),
(182911, 'GAMARRA-HERRERA-GABRIELA', 36),
(184652, 'PANDO-MU?OZ-ROSWELL JAIME', 36),
(133959, 'ANCCO-PERALTA-JUAN ABEL', 36),
(150411, 'VALLENAS-CHOQUECOTA-EDU', 36),
(160894, 'RAMOS-CONDORI-DIEGO ARMANDO', 36),
(164567, 'QUISPE-CHAUCCA-MELANY FABIOLA', 36),
(171914, 'MONZON-MONTALVO-ALEXANDER JUNI', 36),
(182916, 'LAZO-MENDOZA-JEREMY AXL', 36),
(192417, 'CESPEDES-VILCA-ANGEL LUIS', 36),
(194917, 'FLORES-CASTRO-MARY CARMEN', 36),
(204319, 'CONDORI-LACUTA-LUIS FERNANDO', 36),
(211862, 'QUISPE-ARQQUE-ETNER YURY', 36),
(215791, 'SOTELO-QUISPE-JULIO CESAR', 36),
(211857, 'HUISA-NINA-YIMY YOHEL', 36),
(215274, 'CHOQUEMAQUI-CHINCHERCOMA-FREDY', 36),
(215789, 'QUISPE-MASIAS-RODRIGO', 36),
(103647, 'QUISPE-ARONI-JESUS ADEL', 18),
(140997, 'TRIVE?OS-CALLER-DERICK ADOLPHO', 18),
(151832, 'CASTELLANOS-AMANQUI-GEORGE SAN', 18),
(163842, 'FERNANDEZ-HUILLCA-CARLOS ENRIQ', 18),
(174907, 'CAMPOS-SEGOVIA-JEFFERSON LENNA', 18),
(184201, 'GUTIERREZ-TAQQUERE-LUIS FERNAN', 18),
(194526, 'QUISPE-SALAS-JOSE ALEXANDER', 18),
(121957, 'ARANGURE-TORRES-ERNESTO FRANCI', 18),
(144995, 'MENDOZA-INO?AN-VANESSA', 18),
(160541, 'AYME-CONDORI-BRANDON RODRIGO', 18),
(163839, 'CORAZAO-HINOJOSA-REISON DARIO', 18),
(171258, 'ESPEJO-FRANCO-MELISSA BRIGGITT', 18),
(182731, 'CHIRINOS-VILCA-YERSON JOAB', 18),
(184645, 'CCOTO-MACHACA-EDWIN BRAYAN', 18),
(194516, 'CCA?IHUA-LAYME-ELIAZAR', 18),
(200822, 'ESTACIO-MEDRANO-AMILCAR', 18),
(210931, 'KJUIRO-HUAMAN-HJOVER', 18),
(210932, 'LLANTOY-QUISPE-JESUS', 18),
(215273, 'CCANSAYA-CHAIZA-RONALD YTALI', 18),
(211863, 'YUCRA-CHURA-ROY ELMER', 18),
(114136, 'ALMIRON-GONZALES-JUAN RAISER', 25),
(141673, 'RAMOS-DELGADO-SAMIRE', 25),
(155191, 'URQUIZO-CARBAJAL-VICTOR', 25),
(170431, 'CRUZ-CARRION-JOSE LUIS', 25),
(182902, 'CONDE-QUISPE-REINHARD VICENT', 25),
(184650, 'HUARHUA-QUISPE-JUANA YULIANA', 25),
(131532, 'ANTAYHUA-SAPILLADO-DAVIS WASHI', 25),
(150408, 'TACUSI-LAROTA-JHON EDWIN', 25),
(160891, 'CRUZ-BEJAR-WILLY ALDAIR', 25),
(164249, 'TTITO-SAYA-ALEXANDER', 25),
(171879, 'QUISPE-MAMANI-THALIA', 25),
(182910, 'FLORES-ROBLES-KATHERYNE SHARME', 25),
(191873, 'PUMA-HUAMANI-GLINA DE LA FLOR', 25),
(194892, 'SONCCO-LUQUE-MAX ALEX', 25),
(201232, 'HUERTA-MEDINA-VITO JHON', 25),
(210933, 'MAMANI-JARA-JORGE', 25),
(211959, 'CCASA-POCOHUANCA-LUDVIKA ARLET', 25),
(110071, 'MUNIVE-SALAS-CIRO', 12),
(141005, 'FLORES-MONTOYA-NILTHON JAIR', 12),
(154622, 'CONDORI-ALCAZAR-JUAN CARLOS', 12),
(164239, 'CONTRERAS-RAMIREZ-CARLOS DANIE', 12),
(174941, 'CHOQUENAIRA-GARCIA-RONAL FRANK', 12),
(184202, 'HANCCO-LE?N-ALEXANDER', 12),
(194920, 'HUAMANI-CRIOLLO-JUVENAL', 12),
(124211, 'PUMASUPA-BALLON-DAVIS VLADIMIR', 12),
(145004, 'ESPIRILLA-MACHACA-JOSEPH ODE', 12),
(160543, 'DONGO-ESQUIVEL-DIEGO YOSHIRO', 12),
(163845, 'HUILLCA-HERRERA-VICTOR POOL', 12),
(171259, 'QUISPE-LEON-WIDMAR RAUL', 12),
(182765, 'SUMIRE-HANCCO-IVAN MARIO', 12),
(184646, 'DIAZ-HUAYLUPO-CHRISTIAN ENRIQU', 12),
(194518, 'HUAMAN-JAIMES-NICANOR', 12),
(200823, 'FERNANDEZ BACA-PILLCO-FABRICIO', 12),
(210934, 'MAMANI-SALCEDO-LIZETH', 12),
(210935, 'MERMA-CHURA-JEANPIER', 12),
(210936, 'MONTA?EZ-MEDINA-DANIEL', 12),
(215272, 'APAZA-MAMANI-GIANCARLO', 12),
(113547, 'QUINAYA-MEJIA-RONY WILSON', 26),
(221443, 'CALDERON-RODRIGUEZ-ANDR', 26),
(221444, 'CCORI-TACO-ESMAYDES', 26),
(221445, 'CHILLIHUANI-HUAMAN-RIVALD', 26),
(221446, 'DIAZ-MISME-PAMELA', 26),
(221447, 'FARFAN-CARRION-JOSEPH MA', 26),
(221448, 'FARFAN-CARRION-JOSEPH MA', 26),
(221449, 'HUILLCA-LLANQUE-DAVID DAN', 26),
(221450, 'QUISPE-NINA-ALEXYS', 26),
(221451, 'RODR?GUEZ-CCOYTO-JAIRO JA', 26),
(221452, 'TOLEDO-BERNAL-MAX ERIXON', 26),
(221453, 'VILLANUEVA-QUISPE-JHAN CA', 26),
(221945, 'ALVAREZ-CATUNTA-ANGEL ISM', 26),
(221946, 'MAMANI-QUISPE-JUAN CARLO', 26),
(221947, 'MINAYA-SILVA-RUTH CAMILA', 26);

--
-- Índices para tablas volcadas
--

--
-- Indices de la tabla `alumno`
--
ALTER TABLE `alumno`
  ADD PRIMARY KEY (`Cod_Alumno`);

--
-- Indices de la tabla `docente`
--
ALTER TABLE `docente`
  ADD PRIMARY KEY (`Cod_Docente`);

--
-- Indices de la tabla `tutoria`
--
ALTER TABLE `tutoria`
  ADD KEY `Cod_Alumno` (`Cod_Alumno`),
  ADD KEY `Cod_Docente` (`Cod_Docente`);

--
-- Restricciones para tablas volcadas
--

--
-- Filtros para la tabla `tutoria`
--
ALTER TABLE `tutoria`
  ADD CONSTRAINT `tutoria_ibfk_1` FOREIGN KEY (`Cod_Docente`) REFERENCES `docente` (`Cod_Docente`);
COMMIT;

/*!40101 SET CHARACTER_SET_CLIENT=@OLD_CHARACTER_SET_CLIENT */;
/*!40101 SET CHARACTER_SET_RESULTS=@OLD_CHARACTER_SET_RESULTS */;
/*!40101 SET COLLATION_CONNECTION=@OLD_COLLATION_CONNECTION */;
